Workbook

Sheet 日期
A1: 本周五 | B1: 上周五
A2: =TODAY() -> 46215 | B2: =$A$2-7 -> 46208

Sheet 国内
A1: 指数代码 | B1: 指数名称 | C1: 周内涨跌幅
A2: 000300.SH | B2: =[1]!s_info_name($A2) -> 沪深300 | C2: =[1]!s_wq_pctchange($A2,日期!$A$2) -> -1.2677571
A3: 000905.SH | B3: =[1]!s_info_name($A3) -> 中证500 | C3: =[1]!s_wq_pctchange($A3,日期!$A$2) -> -2.7590967
A4: 000852.SH | B4: =[1]!s_info_name($A4) -> 中证1000 | C4: =[1]!s_wq_pctchange($A4,日期!$A$2) -> -4.900721
A5: 399673.SZ | B5: =[1]!s_info_name($A5) -> 创业板50 | C5: =[1]!s_wq_pctchange($A5,日期!$A$2) -> -4.4742479
A6: 000688.SH | B6: =[1]!s_info_name($A6) -> 科创50 | C6: =[1]!s_wq_pctchange($A6,日期!$A$2) -> 4.5239672

Sheet 市场成交
A1: 指数代码 | B1: 本周日均成交额 | C1: 上周日均成交额
A2: 000985.CSI | B2: =[1]!s_wq_amount($A$2,日期!$A$2,1000000000000)/5 -> 2.8363826 | C2: =[1]!s_wq_amount($A$2,日期!$B$2,1000000000000)/5 -> 3.3470181

Sheet 海外
A1: 指数代码 | B1: 指数名称 | C1: 周内涨跌幅
A2: HSI.HI | B2: =[1]!s_info_name($A2) -> 恒生指数 | C2: =[1]!s_wq_pctchange($A2,日期!$A$2) -> 3.5335715
A3: HSTECH.HI | B3: =[1]!s_info_name($A3) -> 恒生科技 | C3: =[1]!s_wq_pctchange($A3,日期!$A$2) -> 4.9490998
A4: HSSCSOY.HI | B4: =[1]!s_info_name($A4) -> 恒生港股通中国央企红利 | C4: =[1]!s_wq_pctchange($A4,日期!$A$2) -> 0.77926196
A5: NDX.GI | B5: =[1]!s_info_name($A5) -> 纳斯达克100 | C5: =[1]!s_wq_pctchange($A5,日期!$A$2) -> 1.6908059
A6: SPX.GI | B6: =[1]!s_info_name($A6) -> 标普500 | C6: =[1]!s_wq_pctchange($A6,日期!$A$2) -> 1.2314185
A7: DJI.GI | B7: =[1]!s_info_name($A7) -> 道琼斯工业平均 | C7: =[1]!s_wq_pctchange($A7,日期!$A$2) -> -0.49727722
A8: GDAXI.GI | B8: =[1]!s_info_name($A8) -> 德国DAX | C8: =[1]!s_wq_pctchange($A8,日期!$A$2) -> -2.7627582
A9: FCHI.GI | B9: =[1]!s_info_name($A9) -> 法国CAC40 | C9: =[1]!s_wq_pctchange($A9,日期!$A$2) -> -1.9875248
A10: FTSE.GI | B10: =[1]!s_info_name($A10) -> 英国富时100 | C10: =[1]!s_wq_pctchange($A10,日期!$A$2) -> -1.70184
A11: N225.GI | B11: =[1]!s_info_name($A11) -> 日经225 | C11: =[1]!s_wq_pctchange($A11,日期!$A$2) -> -1.7009905
A12: KS11.GI | B12: =[1]!s_info_name($A12) -> 韩国综合指数 | C12: =[1]!s_wq_pctchange($A12,日期!$A$2) -> -7.5713929
A13: SENSEX.BO | B13: =[1]!s_info_name($A13) -> 印度SENSEX30 | C13: =[1]!s_wq_pctchange($A13,日期!$A$2) -> -0.25014174

Sheet 黄金
A1: 代码 | B1: 简称 | C1: 周收盘价 | D1: 周涨跌幅
A2: SPTAUUSDOZ.IDC | B2: =[1]!s_info_name($A2) -> 伦敦金现 | C2: =[1]!s_wq_close($A2,日期!$A$2) -> 4120.345 | D2: =[1]!s_wq_pctchange($A2,日期!$A$2) -> -1.2899272
A3: AU9999.SGE | B3: =[1]!s_info_name($A3) -> SGE黄金9999 | C3: =[1]!s_wq_close($A3,日期!$A$2) -> 897.25 | D3: =[1]!s_wq_pctchange($A3,日期!$A$2) -> -1.4249302

Sheet 石油
A1: 代码 | B1: 简称 | C1: 周涨跌幅 | D1: 周收盘价 | E1: 上周收盘价 | F1: 涨跌
A2: B.IPE | B2: =[1]!s_info_name($A2) -> ICE布油 | C2: =[1]!s_wq_pctchange($A2,日期!$A$2) -> 4.2983916 | D2: =[1]!s_wq_close($A2,日期!$A$2,1) -> 75.22 | E2: =[1]!s_wq_close($A2,日期!$B$2,1) -> 71.94 | F2: =$D2-$E2 -> 3.28
A3: CL.NYM | B3: =[1]!s_info_name($A3) -> NYMEX WTI原油 | C3: =[1]!s_wq_pctchange($A3,日期!$A$2) -> 4.1054011 | D3: =[1]!s_wq_close($A3,日期!$A$2,1) -> 71.51 | E3: =[1]!s_wq_close($A3,日期!$B$2,1) -> 68.46 | F3: =D3-E3 -> 3.05
